Perfume, Valor ,Ocasião de Uso	,Período de Uso	,Clima,Sexo,Sentimento,Notas Olfativas	,Estilo,Faixa Etária	,Intensidade
ADYAN MUSK ESSENTIAL 100ML," $ 18,00 ","Casual, Dia a Dia",Todo o Ano,Quente,Masculino,"Fresco, Leve","Almíscar, Notas amadeiradas","Jovem, Natural",18-35,Leve
ADYAN NAMOOS 100ML," $ 18,50 ","Casual, Dia a Dia",Todo o Ano,Quente,Masculino,"Aconchegante, Suave","Âmbar, Almíscar, Baunilha",Casual,18-40,Moderada
ADYAN OUD ESSENTIAL 100ML," $ 18,50 ","Noturno, Especial",Outono/Inverno,Frio,Masculino,"Misterioso, Intenso","Oud, Madeira, Especiarias",Sofisticado,25-45,Forte
ADYAN SHARF 100ML," $ 20,00 ","Especial, Festa",Todo o Ano,Quente,Masculino,"Elegante, Marcante","Oud, Âmbar, Especiarias",Clássico,20-40,Forte
AFNAN 9AM DIVE 100ML," $ 31,00 ","Casual, Escritório",Todo o Ano,Quente,Masculino,"Refrescante, Energético","Cítrico, Almíscar, Notas aquáticas","Jovem, Profissional",18-35,Leve
AL HARAMAIN AMBER OUD DUBAI NIGHT 100ML," $ 56,00 ","Noturno, Especial",Outono/Inverno,Frio,Masculino,"Intenso, Luxuoso","Âmbar, Oud, Baunilha, Madeiras",Sofisticado,25-50,Forte
AL HARAMAIN AMBER OUD GOLD 120ML," $ 53,90 ","Noite, Evento Formal",Outono/Inverno,Frio,Masculino,"Exótico, Rico","Oud, Âmbar, Especiarias, Baunilha",Elegante,25-50,Forte
AL HARAMAIN AMBER OUD ULTRA VIOLET EDP 1," $ 77,00 ","Noturno, Especial",Outono/Inverno,Frio,Masculino,"Intenso, Marcante","Oud, Âmbar, Notas florais",Sofisticado,30-55,Forte
AL HARAMAIN MIRACLE DUBAI 100ML," $ 52,00 ","Casual, Evento Formal",Todo o Ano,Quente,Masculino,"Luxuoso, Delicado","Rosa, Musk, Notas amadeiradas",Elegante,25-50,Moderada
AL HARAMAIN NATURAL AMBER 100ML," $ 62,00 ","Noturno, Especial",Outono/Inverno,Frio,Masculino,"Amadeirado, Intenso","Âmbar, Notas de madeira, Especiarias",Clássico,30-55,Forte
AL HARAMAIN NATURAL IRIS 100ML," $ 62,00 ","Casual, Noite",Outono/Inverno,Frio,Feminino,"Floral, Delicado","Iris, Almíscar, Notas florais",Elegante,25-50,Moderada
AL WATANIAH AMEERATI FEM 100ML," $ 15,00 ","Casual, Dia a Dia",Todo o Ano,Quente,Feminino,"Aconchegante, Doce","Florais, Baunilha, Almíscar",Casual,18-35,Leve
AL WATANIAH ATTAR AL WESAL MEN 100ML," $ 23,50 ","Noite, Evento Formal",Outono/Inverno,Frio,Masculino,"Intenso, Elegante","Oud, Âmbar, Especiarias",Sofisticado,25-50,Forte
AL WATANIAH DURRAT AL AROOS FEM 85ML," $ 23,25 ","Casual, Noite",Todo o Ano,Quente,Feminino,"Floral, Doce","Rosa, Jasmim, Almíscar",Delicado,18-40,Moderada
AL WATANIAH ROOHI 85ML," $ 28,50 ","Noite, Evento Formal",Outono/Inverno,Frio,Masculino,"Luxuoso, Marcante","Oud, Âmbar, Notas florais",Sofisticado,25-50,Forte
AL WATANIAH SABAH AL WARD," $ 23,90 ","Casual, Dia a Dia",Todo o Ano,Quente,Masculino,"Fresco, Leve","Florais, Cítricos, Almíscar",Casual,18-40,Leve
AL WATANIAH SHAGAF AL WARD FEM 100ML," $ 15,25 ","Casual, Noite",Todo o Ano,Quente,Feminino,"Aconchegante, Doce","Rosas, Jasmim, Baunilha",Casual,18-40,Leve
AMARAN KINGS & QUEENS BLUE 100ML," $ 26,00 ","Casual, Dia a Dia",Todo o Ano,Quente,Masculino,"Refrescante, Energético","Cítricos, Notas aquáticas","Jovem, Casual",18-35,Leve
AMARAN KINGS & QUEENS ELIXIR 100ML," $ 26,00 ","Casual, Evento Formal",Todo o Ano,Quente,Masculino,"Elegante, Marcante","Notas florais, Almíscar, Especiarias",Sofisticado,20-40,Moderada
AMARAN KINGS & QUEENS ETHOS 100ML," $ 26,00 ","Casual, Dia a Dia",Todo o Ano,Quente,Masculino,"Sofisticado, Intenso","Musgo, Almíscar, Notas especiadas",Casual,18-40,Moderada
AMARAN KINGS & QUEENS EXCELLENCE 100ML," $ 26,00 ","Noite, Especial",Outono/Inverno,Frio,Masculino,"Luxuoso, Marcante","Oud, Âmbar, Notas florais",Sofisticado,25-50,Forte
AMARAN KINGS & QUEENS PURE ARUBA 100ML," $ 26,00 ","Casual, Dia a Dia",Todo o Ano,Quente,Masculino,"Refrescante, Energético","Cítricos, Notas aquáticas","Jovem, Casual",18-35,Leve
ARD AL ZAAFARAN SAFEER AL WARD 100ML," $ 22,00 ","Casual, Noite",Todo o Ano,Quente,Masculino,"Luxuoso, Elegante","Oud, Âmbar, Especiarias",Sofisticado,25-50,Forte
ARMAF CLUB DE NUIT BLUE ICONIC 105ML," $ 36,75 ","Noite, Evento Formal",Outono/Inverno,Frio,Masculino,"Elegante, Marcante","Cítricos, Notas florais, Almíscar",Sofisticado,25-45,Moderada
ARMAF CLUB DE NUIT INTENSE 105ML," $ 23,50 ","Noite, Evento Formal",Outono/Inverno,Frio,Masculino,"Intenso, Energético","Notas amadeiradas, Florais, Especiarias",Sofisticado,20-40,Forte
ARMAF CLUB DE NUIT MILESTONE 105ML," $ 27,50 ","Noite, Evento Formal",Outono/Inverno,Frio,Masculino,"Elegante, Sofisticado","Bergamota, Rosa, Almíscar",Sofisticado,25-50,Moderada
ARMAF CLUB DE NUIT OUD 105ML," $ 52,50 ","Noite, Evento Formal",Outono/Inverno,Frio,Masculino,"Intenso, Luxuoso","Oud, Âmbar, Especiarias",Sofisticado,30-50,Forte
ARMAF CLUB DE NUIT PRECIEUX 55ML FEMME," $ 47,00 ","Noite, Evento Formal",Outono/Inverno,Frio,Feminino,"Sofisticado, Elegante","Jasmim, Rosa, Baunilha, Almíscar",Sofisticado,25-50,Moderada
ARMAF CLUB DE NUIT RED UNTOLD 105ML," $ 36,50 ","Casual, Noite",Outono/Inverno,Frio,Masculino,"Energético, Marcante","Bergamota, Musgo, Almíscar","Jovem, Casual",20-40,Moderada
ARMAF CLUB DE NUIT SILLAGE 105ML," $ 31,75 ","Noite, Evento Formal",Outono/Inverno,Frio,Masculino,"Elegante, Refrescante","Cítricos, Notas amadeiradas, Especiarias",Sofisticado,25-45,Moderada
ARMAF ODYSSEY HOMME H EDP 100ML," $ 36,00 ","Casual, Noite",Todo o Ano,Quente,Masculino,"Sofisticado, Fresco","Notas aquáticas, Cítricos, Almíscar",Casual,20-40,Leve
ARMAF ODYSSEY MEGA EDP 100ML," $ 36,00 ","Casual, Noite",Todo o Ano,Quente,Masculino,"Energético, Refrescante","Notas amadeiradas, Cítricos, Musgo",Casual,20-40,Leve
ASDAAF AMEER AL ARAB BLACK 100ML," $ 19,00 ","Casual, Noite",Outono/Inverno,Frio,Masculino,"Sofisticado, Elegante","Especiarias, Oud, Âmbar",Casual,20-40,Moderada
ASDAAF AMEERAT AL ARAB 100ML," $ 19,00 ","Casual, Noite",Outono/Inverno,Frio,Feminino,"Sofisticado, Elegante","Especiarias, Rosas, Baunilha",Casual,25-45,Moderada
ASDAAF AMEERAT AL ARAB PRIVE ROSE 100ML," $ 16,50 ","Casual, Noite",Outono/Inverno,Frio,Feminino,"Romântico, Elegante","Rosa, Baunilha, Musk",Casual,20-40,Leve
LATTAFA AL JAWHARA 100ML," $ 28,50 ","Casual, Noite",Todo o Ano,Quente,Feminino,"Sofisticado, Elegante","Frutas, Rosa, Musgo",Sofisticado,25-50,Moderada
LATTAFA AL NASHAMA CAPRICE 100ML," $ 23,50 ","Casual, Noite",Todo o Ano,Quente,Feminino,"Energético, Elegante","Cítricos, Notas florais, Almíscar","Jovem, Casual",20-40,Leve
LATTAFA AL NOBLE AMEER 100ML," $ 20,00 ","Casual, Noite",Todo o Ano,Quente,Masculino,"Elegante, Sofisticado","Especiarias, Almíscar, Notas amadeiradas",Casual,25-45,Moderada
LATTAFA AL NOBLE SAFEER 100ML UNISSEX," $ 18,50 ","Casual, Noite",Todo o Ano,Quente,Unissex,"Elegante, Sofisticado","Notas florais, Musk, Oud",Casual,20-40,Leve
LATTAFA ANA ABIYAD ROUGE 60ML EDP WOMEN," $ 13,50 ","Casual, Noite",Outono/Inverno,Frio,Feminino,"Suave, Elegante","Baunilha, Rosa, Almíscar","Jovem, Casual",18-35,Leve
LATTAFA BADEE AL OUD GLORY BLACK 100ML," $ 18,50 ","Noite, Evento Formal",Outono/Inverno,Frio,Masculino,"Sofisticado, Marcante","Oud, Âmbar, Especiarias",Sofisticado,25-45,Moderada
LATTAFA BADEE AL OUD SUBLIME 100ML," $ 22,00 ","Noite, Evento Formal",Outono/Inverno,Frio,Masculino,"Sofisticado, Marcante","Oud, Âmbar, Notas florais",Sofisticado,30-50,Forte
LATTAFA CONFIDENTIAL PRIVATE GOLD 100ML," $ 19,00 ","Noite, Evento Formal",Outono/Inverno,Frio,Feminino,"Elegante, Luxuoso","Jasmim, Rosa, Baunilha",Sofisticado,25-45,Moderada
LATTAFA ECLAIRE 100ML," $ 30,00 ","Casual, Evento Formal",Todo o Ano,Quente,Feminino,"Elegante, Sofisticado","Frutas, Baunilha, Notas florais","Casual, Sofisticado",20-45,Moderada
LATTAFA EJAAZI 100ML EDP," $ 16,00 ","Casual, Noite",Todo o Ano,Quente,Masculino,"Sofisticado, Fresco","Cítricos, Notas amadeiradas",Casual,20-40,Leve
LATTAFA EMEER 100ML," $ 25,00 ","Casual, Evento Formal",Outono/Inverno,Frio,Masculino,"Elegante, Sofisticado","Notas amadeiradas, Especiarias, Baunilha",Sofisticado,25-45,Moderada
LATTAFA FAKHAR EXTRAIT 100ML GOLD," $ 22,00 ","Noite, Evento Formal",Outono/Inverno,Frio,Masculino,"Sofisticado, Luxuoso","Oud, Âmbar, Especiarias",Sofisticado,30-50,Forte
LATTAFA FAKHAR MAN SILVER 100ML," $ 20,50 ","Casual, Noite",Todo o Ano,Quente,Masculino,"Elegante, Sofisticado","Notas amadeiradas, Musgo, Baunilha",Casual,25-45,Moderada
LATTAFA FAKHAR WOMEN 100ML," $ 21,25 ","Noite, Evento Formal",Outono/Inverno,Frio,Feminino,"Elegante, Sofisticado","Frutas, Jasmim, Baunilha",Sofisticado,25-45,Moderada
LATTAFA HAYA EDP 100ML," $ 26,00 ","Casual, Evento Formal",Todo o Ano,Quente,Feminino,"Elegante, Luxuoso","Rosa, Baunilha, Notas amadeiradas",Sofisticado,20-40,Moderada
LATTAFA HAYAATI AL MALEKY 100ML EDP UNIS," $ 13,90 ","Casual, Noite",Todo o Ano,Quente,Unissex,"Sofisticado, Leve","Notas florais, Almíscar, Baunilha",Casual,20-40,Leve
LATTAFA HIS CONFESSION MASC 100ML," $ 46,00 ","Noite, Evento Formal",Outono/Inverno,Frio,Masculino,"Sofisticado, Intenso","Musk, Especiarias, Baunilha",Sofisticado,25-50,Forte
LATTAFA KHASHABI 100ML EDP UNISSEX," $ 17,00 ","Casual, Noite",Todo o Ano,Quente,Unissex,"Sofisticado, Fresco","Madeiras, Especiarias, Notas florais",Casual,20-40,Leve
LATTAFA LAIL MALEKI MOROCCO 100ML," $ 17,00 ","Noite, Casual",Todo o Ano,Quente,Masculino,"Sofisticado, Leve","Musk, Baunilha, Notas florais",Casual,20-40,Leve
LATTAFA MAAHIR 100ML," $ 18,00 ",Casual,Dia,Quente,Unissex,Fresco,"Cítrico, Floral",Elegante,"Jovem, Adulto",Média
LATTAFA MAAHIR BLACK EDITION 100ML," $ 20,50 ",Noite,Noite,Frio,Masculino,Sofisticado,"Amadeirado, Oriental",Sofisticado,Adulto,Alta
LATTAFA MAHARJAN SILVER 100ML," $ 23,00 ",Festa,Dia/Noche,Quente,Unissex,Envolvente,"Floral, Frutal",Moderno,"Adulto, Jovem",Alta
LATTAFA MALIK AL TAYOOR 100ML EDP UNISSEX," $ 19,00 ",Casual,Dia,Quente,Unissex,Refrescante,"Cítrico, Amadeirado",Casual,"Jovem, Adulto",Média
LATTAFA MASHRABYA 100ML," $ 21,00 ","Trabalho, Casual",Dia,Quente,Feminino,Elegante,"Floral, Amadeirado",Sofisticado,"Jovem, Adulto",Média
LATTAFA MAYAR CHERRY INTENSE 100ML," $ 31,00 ",Noite,Noite,Frio,Feminino,"Doce, Intenso","Frutal, Baunilha, Amadeirado",Sensual,"Jovem, Adulto",Alta
LATTAFA MOHRA SILKY ROSE 100ML," $ 15,50 ",Casual,Dia,Quente,Feminino,Romântico,"Rosa, Floral",Romântico,"Jovem, Adulto",Média
LATTAFA MUSAMAM 100ML," $ 26,25 ",Festa,Noite,Frio,Masculino,Sofisticado,"Amadeirado, Especiado",Moderno,Adulto,Alta
LATTAFA NEBRAS 100ML," $ 17,90 ",Casual,Dia,Quente,Feminino,Fresco,"Cítrico, Floral",Casual,"Jovem, Adulto",Média
LATTAFA OUD MOOD 100ML UNISSEX," $ 16,00 ",Noite,Noite,Frio,Unissex,Intenso,"Oud, Amadeirado, Baunilha",Sofisticado,Adulto,Alta
LATTAFA PRIDE LA AFRICAN DRUMMER 100ML," $ 24,90 ",Casual,Dia,Quente,Masculino,Refrescante,"Cítrico, Amadeirado",Casual,"Jovem, Adulto",Média
LATTAFA QAED AL FURSAN UNLIMITED 90ML," $ 13,50 ",Casual,Dia,Quente,Masculino,Fresco,"Amadeirado, Cítrico",Casual,"Jovem, Adulto",Média
LATTAFA QIMMAH 100ML MAN," $ 17,50 ",Casual,Dia/Noche,Quente,Masculino,Fresco,"Cítrico, Amadeirado",Casual,"Jovem, Adulto",Média
LATTAFA RAED LUXE GOLD 100ML," $ 17,25 ",Casual,Dia,Quente,Masculino,Elegante,"Amadeirado, Baunilha",Casual,"Jovem, Adulto",Média
LATTAFA RAED OUD EDP H V 100ML," $ 17,25 ",Noite,Noite,Frio,Masculino,Intenso,"Oud, Amadeirado, Especiado",Sofisticado,Adulto,Alta
LATTAFA RAVE NOW 100ML WOMEN," $ 15,50 ",Noite,Noite,Frio,Feminino,Sensual,"Floral, Frutal",Sensual,"Jovem, Adulto",Média
LATTAFA ROUAT AL OUD 100ML UNISSEX," $ 16,00 ",Noite,Noite,Frio,Unissex,Intenso,"Oud, Especiado, Amadeirado",Sofisticado,Adulto,Alta
LATTAFA SEHR EDP 100ML," $ 29,00 ",Noite,Noite,Frio,Feminino,Sofisticado,"Amadeirado, Floral, Baunilha",Sofisticado,Adulto,Alta
LATTAFA SONDOS 100ML WOMEN," $ 16,50 ",Casual,Dia,Quente,Feminino,Fresco,"Floral, Cítrico, Musgo",Casual,"Jovem, Adulto",Média
LATTAFA THARWAH SILVER 100ML," $ 26,00 ",Noite,Noite,Frio,Masculino,Intenso,"Amadeirado, Baunilha, Especiado",Sofisticado,Adulto,Alta
LATTAFA THE KINGDOM 100ML WOMEN," $ 19,75 ",Festa,Noite,Frio,Feminino,Sofisticado,"Floral, Amadeirado, Baunilha",Sofisticado,"Jovem, Adulto",Alta
LATTAFA THOUQ 80ML," $ 19,50 ",Casual,Dia,Quente,Masculino,Fresco,"Amadeirado, Cítrico",Casual,"Jovem, Adulto",Média
LATTAFA VELVET MUSK 100ML," $ 18,00 ",Casual,Dia/Noche,Quente,Masculino,Sofisticado,"Almíscar, Floral, Amadeirado",Casual,Adulto,Média
LATTAFA VELVET ROSE 100ML," $ 14,00 ",Casual,Dia,Quente,Feminino,Romântico,"Rosa, Floral, Musgo",Romântico,"Jovem, Adulto",Média
LATTAFA YARA CANDY 100ML," $ 22,00 ",Festa,Noite,Frio,Feminino,"Doce, Sensual","Frutal, Baunilha",Sensual,"Jovem, Adulto",Alta
LATTAFA YARA ROSA 100ML," $ 17,50 ",Casual,Dia,Quente,Feminino,Romântico,"Floral, Rosa, Musgo",Romântico,"Jovem, Adulto",Média
MAISON ALHAMBRA AVANT SILK 100ML," $ 20,50 ",Casual,Dia/Noche,Quente,Unissex,Elegante,"Floral, Amadeirado, Almíscar",Elegante,Adulto,Média
MAISON ALHAMBRA BAROQUE ROUGE EDP 100ML," $ 18,00 ",Noite,Noite,Frio,Feminino,Sofisticado,"Floral, Amadeirado, Baunilha",Sofisticado,Adulto,Alta
MAISON ALHAMBRA BAROQUE ROUGE EXTREME 100ML," $ 14,00 ",Noite,Noite,Frio,Feminino,Intenso,"Floral, Baunilha, Amadeirado",Sofisticado,Adulto,Alta
MAISON ALHAMBRA CANDID TONIGHT EDP 100ML," $ 19,90 ",Noite,Noite,Frio,Feminino,Sensual,"Frutal, Baunilha, Amadeirado",Sensual,"Jovem, Adulto",Média
MAISON ALHAMBRA CELESTE 100ML," $ 18,00 ",Casual,Dia,Quente,Unissex,Fresco,"Floral, Musgo, Amadeirado",Casual,"Jovem, Adulto",Média
MAISON ALHAMBRA CHANTS TENDERINA EDP 100ML," $ 14,00 ",Casual,Dia,Quente,Feminino,Fresco,"Floral, Frutal, Musgo",Casual,"Jovem, Adulto",Média
MAISON ALHAMBRA DARK AOUD 80ML," $ 20,00 ",Noite,Noite,Frio,Masculino,Intenso,"Oud, Amadeirado, Especiado",Sofisticado,Adulto,Alta
MAISON ALHAMBRA DECADENT DREAM 100ML," $ 20,50 ",Noite,Noite,Frio,Feminino,Sofisticado,"Floral, Amadeirado, Baunilha",Sofisticado,Adulto,Alta
MAISON ALHAMBRA GLACIER BELLA 100ML," $ 19,00 ",Casual,Dia,Quente,Feminino,Fresco,"Floral, Musgo, Frutal",Casual,"Jovem, Adulto",Média
MAISON ALHAMBRA GLACIER LE NOIR 100ML," $ 20,00 ",Casual,Dia/Noche,Quente,Unissex,Elegante,"Cítrico, Floral, Amadeirado",Casual,"Jovem, Adulto",Média
MAISON ALHAMBRA GLACIER POUR HOMME 100ML," $ 15,50 ",Casual,Dia,Quente,Masculino,Fresco,"Floral, Amadeirado, Cítrico",Casual,"Jovem, Adulto",Média
MAISON ALHAMBRA GLACIER ULTRA 100ML," $ 15,50 ",Casual,Dia,Quente,Unissex,Fresco,"Cítrico, Floral, Musgo",Casual,"Jovem, Adulto",Média
MAISON ALHAMBRA JEAN LOWE NOIR 100ML," $ 18,50 ",Noite,Noite,Frio,Masculino,Elegante,"Amadeirado, Musgo, Baunilha",Sofisticado,Adulto,Alta
MAISON ALHAMBRA KISMET MAGIC 100ML EDP UNISSEX," $ 17,90 ",Casual,Dia/Noche,Quente,Unissex,Sensual,"Floral, Amadeirado, Baunilha",Casual,"Jovem, Adulto",Média
MAISON ALHAMBRA LA CHARAMANTE 100ML," $ 21,00 ",Casual,Dia/Noche,Quente,Feminino,Elegante,"Floral, Amadeirado, Baunilha",Sofisticado,"Jovem, Adulto",Média
MAISON ALHAMBRA LA CHARAMANTE ECLATANT 100ML," $ 21,00 ",Casual,Dia/Noche,Quente,Feminino,Elegante,"Floral, Amadeirado, Baunilha",Sofisticado,"Jovem, Adulto",Média
MAISON ALHAMBRA LA VIVACITE 100ML," $ 15,00 ",Casual,Dia,Quente,Unissex,Fresco,"Cítrico, Floral, Amadeirado",Casual,"Jovem, Adulto",Baixa
MAISON ALHAMBRA LAVA 100ML," $ 18,00 ",Casual,Dia/Noche,Quente,Unissex,Fresco,"Amadeirado, Musgo, Cítrico",Casual,"Jovem, Adulto",Média
MAISON ALHAMBRA LEONIE 100ML," $ 13,50 ",Casual,Dia,Quente,Feminino,Fresco,"Floral, Frutal, Musgo",Casual,Jovem,Baixa
MAISON ALHAMBRA MAITRE DE BLUE 100ML," $ 16,00 ",Casual,Dia,Quente,Masculino,Elegante,"Amadeirado, Floral, Frutal",Casual,"Jovem, Adulto",Média
MAISON ALHAMBRA NARISSA ET MOI 100ML," $ 18,00 ",Casual,Dia,Quente,Feminino,Romântico,"Floral, Frutal, Musgo",Romântico,"Jovem, Adulto",Média
MAISON ALHAMBRA NARISSA FOR HER EDP 100ML," $ 17,50 ",Casual,Dia/Noche,Quente,Feminino,Romântico,"Floral, Baunilha, Frutal",Romântico,"Jovem, Adulto",Média
MAISON ALHAMBRA NARISSA RUBY 100ML," $ 13,50 ",Casual,Dia,Quente,Feminino,Romântico,"Floral, Frutal, Musgo",Romântico,"Jovem, Adulto",Baixa
MAISON ALHAMBRA PACIFIC BLUE 80ML," $ 20,00 ",Casual,Dia,Quente,Unissex,Fresco,"Cítrico, Floral, Amadeirado",Casual,"Jovem, Adulto",Média
MAISON ALHAMBRA REYNA POUR FEMME 100ML," $ 17,00 ",Casual,Dia/Noche,Quente,Feminino,Elegante,"Floral, Frutal, Baunilha",Elegante,"Jovem, Adulto",Média
MAISON ALHAMBRA SALVO EDP 100ML," $ 16,00 ",Casual,Dia,Quente,Masculino,Fresco,"Cítrico, Floral, Amadeirado",Casual,"Jovem, Adulto",Média
MAISON ALHAMBRA SALVO ELIXIR 60ML," $ 14,75 ",Casual,Dia/Noche,Quente,Masculino,Fresco,"Amadeirado, Floral, Cítrico",Casual,"Jovem, Adulto",Baixa
MAISON ALHAMBRA SALVO INTENSE 100ML," $ 18,50 ",Casual,Dia/Noche,Quente,Masculino,Intenso,"Floral, Amadeirado, Musgo",Intenso,"Jovem, Adulto",Alta
MAISON ALHAMBRA SUMMER FOREVER 100ML," $ 20,50 ",Casual,Dia,Quente,Unissex,Fresco,"Cítrico, Floral, Musgo",Casual,"Jovem, Adulto",Média
MAISON ALHAMBRA VICTORIOSO EDP 100ML," $ 17,00 ",Casual,Dia,Quente,Masculino,Elegante,"Floral, Amadeirado, Musgo",Elegante,"Jovem, Adulto",Média
MAISON ALHAMBRA VICTORIOSO NERO 100ML," $ 19,00 ",Casual,Dia/Noche,Quente,Masculino,Elegante,"Amadeirado, Floral, Cítrico",Elegante,"Jovem, Adulto",Média
MAISON ALHAMBRA YOUR TOUCH AMBER 100ML," $ 18,00 ",Casual,Dia,Quente,Unissex,Quente,"Âmbar, Baunilha, Musgo",Casual,"Jovem, Adulto",Média
MAISON ALHAMBRA YOUR TOUCH INTENSE 100ML," $ 18,00 ",Casual,Dia/Noche,Quente,Unissex,Quente,"Âmbar, Baunilha, Floral",Casual,"Jovem, Adulto",Média
MAWWAL ENERGY FADA 100ML," $ 25,00 ",Casual,Dia,Quente,Unissex,Energético,"Cítrico, Floral, Amadeirado",Energético,"Jovem, Adulto",Alta
MAWWAL ENERGY SHAMS 100ML," $ 25,00 ",Casual,Dia,Quente,Unissex,Energético,"Cítrico, Floral, Musgo",Energético,"Jovem, Adulto",Alta
MAWWAL ENERGY ZUHOOR 100ML," $ 25,00 ",Casual,Dia/Noche,Quente,Unissex,Energético,"Floral, Cítrico, Amadeirado",Energético,"Jovem, Adulto",Alta
MAWWAL FANTASY BASIR 100ML," $ 25,00 ",Casual,Dia/Noche,Quente,Unissex,Sonhador,"Floral, Amadeirado, Baunilha",Sonhador,"Jovem, Adulto",Média
MAWWAL FANTASY SAHER 100ML," $ 25,00 ",Casual,Dia/Noche,Quente,Unissex,Sonhador,"Floral, Amadeirado, Cítrico",Sonhador,"Jovem, Adulto",Média
MAWWAL MYSTIC JINAN 100ML," $ 22,00 ",Casual,Dia,Quente,Unissex,Misterioso,"Floral, Amadeirado, Baunilha",Misterioso,"Jovem, Adulto",Média
MAWWAL MYSTIC SABEEL 100ML," $ 22,00 ",Casual,Dia,Quente,Unissex,Misterioso,"Floral, Musgo, Amadeirado",Misterioso,"Jovem, Adulto",Média
MAWWAL OASIS BIDAYA 100ML," $ 22,00 ",Casual,Dia/Noche,Quente,Unissex,Relaxante,"Amadeirado, Floral, Cítrico",Relaxante,"Jovem, Adulto",Média
MAWWAL POISON ABADEYA 100ML," $ 25,00 ",Casual,Dia/Noche,Quente,Unissex,Intenso,"Oriental, Baunilha, Cítrico",Intenso,"Jovem, Adulto",Alta
MAWWAL POISON HAWA 100ML," $ 25,00 ",Casual,Dia/Noche,Quente,Unissex,Intenso,"Oriental, Baunilha, Frutal",Intenso,"Jovem, Adulto",Alta
MAWWAL POISON HIYAM 100ML," $ 25,00 ",Casual,Dia/Noche,Quente,Unissex,Intenso,"Baunilha, Floral, Cítrico",Intenso,"Jovem, Adulto",Alta
MAWWAL SENSE MASHAER 100ML," $ 27,00 ",Casual,Dia/Noche,Quente,Unissex,Sofisticado,"Floral, Amadeirado, Cítrico",Sofisticado,"Jovem, Adulto",Alta
MAWWAL SENSE NOUR 100ML," $ 27,00 ",Casual,Dia/Noche,Quente,Unissex,Sofisticado,"Floral, Cítrico, Amadeirado",Sofisticado,"Jovem, Adulto",Alta
MAWWAL SHYMPHONY KAMAN 100ML," $ 27,00 ",Casual,Dia/Noche,Quente,Unissex,Energético,"Cítrico, Floral, Musgo",Energético,"Jovem, Adulto",Alta
MAWWAL SHYMPHONY SITAR 100ML," $ 27,00 ",Casual,Dia/Noche,Quente,Unissex,Energético,"Floral, Musgo, Amadeirado",Energético,"Jovem, Adulto",Alta
MAWWAL UNIVERSE ALKAWN 100ML," $ 27,00 ",Casual,Dia/Noche,Quente,Unissex,Sofisticado,"Amadeirado, Floral, Baunilha",Sofisticado,"Jovem, Adulto",Alta
MAWWAL UNIVERSE NAJMA 100ML," $ 27,00 ",Casual,Dia/Noche,Quente,Unissex,Sofisticado,"Floral, Musgo, Baunilha",Sofisticado,"Jovem, Adulto",Alta
MAWWAL UNIVERSE SAMA 100ML," $ 27,00 ",Casual,Dia/Noche,Quente,Unissex,Sofisticado,"Floral, Musgo, Amadeirado",Sofisticado,"Jovem, Adulto",Alta
MEMO AFRICAN LEATHER EDP 75ML," $ 280,00 ",Especial,Noche,Frio,Masculino,Luxuoso,"Couro, Amadeirado, Cítrico",Luxuoso,Adulto,Alta
MEMO FRENCH LEATHER EDP 75ML," $ 280,00 ",Especial,Noche,Frio,Masculino,Luxuoso,"Couro, Baunilha, Floral",Luxuoso,Adulto,Alta
MEMO ILHA DO MEL EDP 75ML," $ 280,00 ",Especial,Noche,Frio,Feminino,Exótico,"Mel, Baunilha, Amadeirado",Exótico,Adulto,Alta
MEMO MARFA EDP 75ML," $ 280,00 ",Especial,Noche,Frio,Feminino,Luxuoso,"Floral, Cítrico, Baunilha",Luxuoso,Adulto,Alta
MEMO WINTER PALACE EDP 75ML," $ 280,00 ",Especial,Noche,Frio,Masculino,Sofisticado,"Especiarias, Amadeirado, Baunilha",Sofisticado,Adulto,Alta
MERCEDES BENZ CLUB BLACK 100ML," $ 32,00 ",Casual,Noche,Frio,Masculino,Sofisticado,"Baunilha, Âmbar, Cítrico",Sofisticado,"Jovem, Adulto",Média
MERCEDES BENZ FOR MEN 120ML," $ 31,50 ",Casual,Dia/Noche,Quente,Masculino,Sofisticado,"Cítrico, Amadeirado, Floral",Casual,"Jovem, Adulto",Média
MERCEDES BENZ FOR MEN ULTIMATE 120ML," $ 34,50 ",Casual,Noche,Frio,Masculino,Sofisticado,"Amadeirado, Baunilha, Cítrico",Sofisticado,"Jovem, Adulto",Alta
MERCEDES BENZ MAN 100ML," $ 31,00 ",Casual,Dia,Quente,Masculino,Casual,"Amadeirado, Musgo, Cítrico",Casual,"Jovem, Adulto",Média
MERCEDES BENZ SIGN FOR MEN 100ML," $ 31,75 ",Casual,Noche,Frio,Masculino,Sofisticado,"Baunilha, Especiarias, Cítrico",Sofisticado,"Jovem, Adulto",Média
NISHANE ANI EXDP 100ML," $ 240,00 ",Especial,Noche,Frio,Masculino,Luxuoso,"Baunilha, Amadeirado, Cítrico",Luxuoso,Adulto,Alta
NISHANE HACIVAT EXDP 100ML," $ 250,00 ",Especial,Noche,Frio,Masculino,Sofisticado,"Cítrico, Madeira, Floral",Sofisticado,Adulto,Alta
NISHANE HACIVAT X EXDP 100ML," $ 250,00 ",Especial,Noche,Frio,Masculino,Sofisticado,"Cítrico, Madeira, Floral",Sofisticado,Adulto,Alta
NISHANE HUNDREAD SILENT WAYS EXDP 100ML," $ 240,00 ",Especial,Noche,Frio,Masculino,Luxuoso,"Madeira, Baunilha, Floral",Luxuoso,Adulto,Alta
NISHANE TUBEROZA EXDP 50ML," $ 185,00 ",Especial,Noche,Frio,Feminino,Luxuoso,"Floral, Amadeirado, Cítrico",Luxuoso,Adulto,Alta
NISHANE WULONG CHA EXDP 100ML," $ 230,00 ",Especial,Noche,Frio,Masculino,Sofisticado,"Chá, Floral, Madeira",Sofisticado,Adulto,Alta
SOSPIRO ACCENTO VIOLA 100ML," $ 229,00 ",Especial,Noche,Frio,Feminino,Luxuoso,"Floral, Amadeirado, Baunilha",Luxuoso,Adulto,Alta
SOSPIRO ERBA LEATHER 100ML," $ 229,00 ",Especial,Noche,Frio,Masculino,Luxuoso,"Couro, Amadeirado, Baunilha",Luxuoso,Adulto,Alta
SOSPIRO VIBRATO 100ML," $ 229,00 ",Especial,Noche,Frio,Masculino,Sofisticado,"Floral, Cítrico, Amadeirado",Sofisticado,Adulto,Alta
ZIMAYA HAPPY OUD 100ML," $ 18,00 ",Casual,Dia,Quente,Masculino,Intenso,"Oud, Amadeirado, Baunilha",Intenso,"Jovem, Adulto",Alta
ZIMAYA MUSK IS GREAT 100ML," $ 18,00 ",Casual,Dia,Quente,Masculino,Intenso,"Almíscar, Amadeirado, Cítrico",Intenso,"Jovem, Adulto",Alta